A,
AA,
AAC.S,
AAC.U,
AAC.W,
AACG,
AADI,
AAIC,
AAI-C,
AAL,
AAM-A,
AAM-B,
AAN,
AAOI,
AAON,
AAP,
AAPL,
AAT,
AAU,
AB,
ABBV,
ABC,
ABCB,
ABCL,
ABCM,
ABEO,
ABEV,
ABG,
ABIO,
ABM,
ABNB,
ABOS,
ABR,
ABR-D,
ABR-E,
ABR-F,
ABSI,
ABT,
ABUS,
ABVC,
ACA,
ACA.W,
ACAD,
ACB,
ACCO,
ACEL,
ACER,
ACGL,
ACGN,
ACH.W,
ACHC,
ACHL,
ACHR,
ACHV,
ACI,
ACIU,
ACIW,
ACLS,
ACLX,
ACM,
ACMR,
ACON,
ACOR,
ACP-A,
ACR,
ACR.W,
ACR-C,
ACR-D,
ACRE,
ACRS,
ACRV,
ACRX,
ACST,
ACT,
ACTG,
ACU,
ACV,
ACVA,
ACXP,
ADAG,
ADAP,
ADC,
ADC-A,
ADCT,
ADD,
ADE.W,
ADEA,
ADI,
ADIL,
ADM,
ADMP,
ADN,
ADNT,
ADP,
ADSE,
ADSK,
ADT,
ADTN,
ADTX,
ADUS,
ADV,
ADVM,
ADX,
AE,
AEE,
AEF,
AEG,
AEHL,
AEHR,
AEI,
AEL,
AEL-A,
AEL-B,
AEM,
AEMD,
AENZ,
AEO,
AEP,
AER,
AES,
AESI,
AEV.W,
AEVA,
AEY,
AEYE,
AEZS,
AFB,
AFG,
AFIB,
AFL,
AFRM,
AFT,
AFT.W,
AFYA,
AG,
AGA.U,
AGAE,
AGCO,
AGD,
AGEN,
AGFY,
AGI,
AGIL,
AGIO,
AGL,
AGLE,
AGM,
AGM.A,
AGM-C,
AGM-D,
AGM-E,
AGM-F,
AGM-G,
AGNC,
AGO,
AGR,
AGRI,
AGRO,
AGS,
AGTI,
AGX,
AHCO,
AHG,
AHH,
AHH-A,
AHI,
AHL-C,
AHL-D,
AHL-E,
AHT,
AHT-D,
AHT-F,
AHT-G,
AHT-H,
AHT-I,
AI,
AIH,
AIM,
AIMD,
AIN,
AIP,
AIR,
AIRC,
AIRG,
AIRI,
AIRS,
AIT,
AIU,
AIV,
AIZ,
AJG,
AJRD,
AJX,
AKA,
AKAM,
AKLI,
AKO.A,
AKO.B,
AKR,
AKRO,
AKTS,
AKTX,
AKU,
AKYA,
AL,
AL-A,
ALAR,
ALB,
ALC,
ALCO,
ALDX,
ALE,
ALEC,
ALEX,
ALG,
ALGM,
ALGN,
ALGS,
ALGT,
ALIM,
ALK,
ALKS,
ALKT,
ALL,
ALL.W,
ALL-B,
ALLE,
ALLG,
ALL-H,
ALL-I,
ALL-J,
ALLK,
ALLO,
ALLR,
ALLT,
ALLY,
ALNY,
ALOT,
ALPN,
ALRM,
ALRN,
ALRS,
ALSN,
ALT,
ALT-A,
ALTG,
ALTI,
ALTO,
ALTR,
ALV,
ALX,
ALXO,
ALYA,
ALZN,
AM,
AMAL,
AMAM,
AMAT,
AMB.T,
AMB.V,
AMBA,
AMBC,
AMBO,
AMBP,
AMC,
AMCR,
AMCX,
AMD,
AME,
AMED,
AMEH,
AMG,
AMGN,
AMH,
AMH-G,
AMH-H,
AMKR,
AMLX,
AMN,
AMNB,
AMOT,
AMP,
AMP.V,
AMPE,
AMPG,
AMPH,
AMPL,
AMPS,
AMPX,
AMR,
AMRC,
AMRK,
AMRN,
AMRS,
AMRX,
AMS,
AMSC,
AMSF,
AMST,
AMSWA,
AMT,
AMTB,
AMTD,
AMTI,
AMTX,
AMWD,
AMWL,
AMX,
AMZN,
AN,
ANDE,
ANET,
ANF,
ANGH,
ANGI,
ANGO,
ANIK,
ANIP,
ANIX,
ANNX,
ANTE,
ANTX,
ANVS,
ANY,
AOD,
AOMR,
AON,
AORT,
AOS,
AOSL,
AOUT,
AP,
AP.W,
APA,
APAM,
APCX,
APD,
APEI,
APG,
APGN,
APH,
API,
APLD,
APLE,
APLM,
APLS,
APLT,
APM,
APO,
APOG,
APRE,
AQB,
AQMS,
AQN,
AQST,
AR,
ARBE,
ARBK,
ARC,
ARCE,
ARCH,
ARCO,
ARCT,
ARDC,
ARDS,
ARDX,
ARE,
AREB,
AREC,
AREN,
ARES,
ARG-A,
ARGO,
ARGX,
ARHS,
ARI,
ARIS,
ARKO,
ARL,
ARLO,
ARLP,
ARMK,
ARMP,
ARNC,
AROW,
ARQQ,
ARQT,
ARR,
ARR-C,
ARRY,
ARTL,
ARTW,
ARVL,
ARVN,
ARW,
ASA,
ASAN,
ASB,
ASB-E,
ASB-F,
ASC,
ASG,
ASGN,
ASIX,
ASLE,
ASLN,
ASM,
ASML,
ASND,
ASO,
ASPN,
ASPS,
ASR,
ASRT,
ASRV,
ASTC,
ASTE,
ASTI,
ASTL,
ASTR,
ASTS,
ASUR,
ASX,
ATAI,
ATAT,
ATC-D,
ATC-H,
ATC-I,
ATEC,
ATEN,
ATER,
ATEX,
ATGE,
ATHA,
ATH-A,
ATH-B,
ATH-C,
ATH-D,
ATHE,
ATH-E,
ATHM,
ATHX,
ATI,
ATI.W,
ATKR,
ATLC,
ATLO,
ATLX,
ATNF,
ATNI,
ATNM,
ATO,
ATOM,
ATOS,
ATR,
ATRC,
ATRI,
ATRO,
ATTO,
ATUS,
ATVI,
ATXI,
ATXS,
AU,
AUB,
AUB-A,
AUBN,
AUDC,
AUGX,
AUL-D,
AULT,
AUMN,
AUPH,
AUR,
AUTL,
AUUD,
AUVI,
AVA,
AVAH,
AVAL,
AVAV,
AVD,
AVDL,
AVDX,
AVGO,
AVGR,
AVID,
AVIR,
AVK,
AVNS,
AVNT,
AVNW,
AVXL,
AVY,
AWF,
AWH,
AWI,
AWIN,
AWK,
AWP,
AWR,
AWRE,
AX,
AXDX,
AXGN,
AXL,
AXLA,
AXNX,
AXON,
AXP,
AXR,
AXS,
AXS-E,
AXSM,
AY,
AYI,
AYRO,
AYTU,
AYX,
B,
BA,
BAC,
BAC-B,
BAC-E,
BACK,
BAC-K,
BAC-L,
BAC-M,
BAC-N,
BAC-O,
BAC-P,
BAC-Q,
BAC-S,
BAH,
BAK,
BAM,
BANC,
BAND,
BANF,
BANR,
BANX,
BAP,
BASE,
BATL,
BATRK,
BAX,
BB,
BBA.W,
BBAI,
BBD,
BBDC,
BBGI,
BBIO,
BBLG,
BBLN,
BBSI,
BBU,
BBVA,
BBW,
BBWI,
BBY,
BC,
BC-A,
BCAB,
BCAL,
BCAT,
BC-B,
BCBP,
BCC,
BC-C,
BCE,
BCEL,
BCH,
BCLI,
BCML,
BCO,
BCOV,
BCPC,
BCRX,
BCS,
BCTX,
BCV,
BCV-A,
BCYC,
BDC,
BDJ,
BDL,
BDN,
BDRX,
BDSX,
BDTX,
BDX,
BE,
BEAM,
BEAT,
BEDU,
BEKE,
BELFA,
BELFB,
BEN,
BEP,
BEP-A,
BEPC,
BEST,
BF.A,
BF.B,
BFA.U,
BFA.W,
BFAM,
BFC,
BFH,
BFI,
BFIN,
BFK,
BFL.W,
BFLY,
BFS,
BFS-D,
BFS-E,
BFST,
BG,
BGCP,
BGH,
BGI,
BGNE,
BGR,
BGRY,
BGS,
BGSF,
BGT,
BGY,
BH,
BH.A,
BHB,
BHC,
BHE,
BHF,
BHG,
BHI.W,
BHIL,
BHK,
BHLB,
BHP,
BHR,
BHR-B,
BHR-D,
BHV,
BHVN,
BIAF,
BIIB,
BIMI,
BIO,
BIOC,
BIOL,
BIOR,
BIOS,
BIOX,
BIP,
BIP-A,
BIP-B,
BIRD,
BJ,
BJDX,
BK,
BKCC,
BKD,
BKE,
BKH,
BKI,
BKK.W,
BKKT,
BKN,
BKR,
BKS.W,
BKSC,
BKSY,
BKT,
BKTI,
BKU,
BKYI,
BL,
BLBD,
BLBX,
BLCO,
BLD,
BLDE,
BLDR,
BLE,
BLFS,
BLFY,
BLIN,
BLK,
BLKB,
BLMN,
BLNK,
BLPH,
BLRX,
BLTE,
BLU,
BLU.W,
BLUE,
BLW,
BLX,
BLZE,
BMA,
BMA.W,
BMBL,
BMI,
BML-G,
BML-H,
BML-J,
BML-L,
BMO,
BMTX,
BMY,
BN,
BNGO,
BNL,
BNMV,
BNR,
BNS,
BNSO,
BNTC,
BNTX,
BNY,
BOA.W,
BOC,
BOD.W,
BODY,
BOE,
BOH,
BOH-A,
BOKF,
BOLT,
BON,
BOOM,
BOOT,
BORR,
BOSC,
BOWL,
BOX,
BOXL,
BP,
BPMC,
BQ,
BR,
BRBR,
BRC,
BRDG,
BRDS,
BRID,
BRK.A,
BRK.B,
BRKL,
BRKR,
BRLI,
BRLT,
BRN,
BRO,
BROS,
BRP,
BRQS,
BRT,
BRTX,
BRW,
BRX,
BRY,
BRZE,
BSA.W,
BSAC,
BSBK,
BSBR,
BSET,
BSFC,
BSGM,
BSL,
BSM,
BSQR,
BSX,
BSY,
BTCM,
BTCS,
BTCY,
BTE,
BTG,
BTI,
BTMD,
BTO,
BTT,
BTTR,
BTTX,
BTU,
BTZ,
BUD,
BUR,
BUR.W,
BURL,
BV,
BVH,
BVN,
BVS,
BVXV,
BW,
BWA,
BW-A,
BWAY,
BWB,
BWEN,
BWFG,
BWMN,
BWMX,
BWV,
BX,
BXMT,
BXMX,
BXP,
BXRX,
BXSL,
BY,
BYD,
BYFC,
BYM,
BYRN,
BZ,
BZFD,
BZH,
BZUN,
C,
CAAP,
CAAS,
CABA,
CABO,
CAC,
CACC,
CACI,
CAD-A,
CADE,
CADL,
CAE,
CAF,
CAG,
CAH,
CAKE,
CAL,
CALB,
CALM,
CALT,
CALX,
CAMP,
CAMT,
CAN,
CAN.W,
CANF,
CANG,
CANO,
CAPL,
CAPR,
CAR,
CARE,
CARG,
CARM,
CARR,
CARS,
CARV,
CASA,
CASI,
CASS,
CASY,
CAT,
CATC,
CATO,
CATX,
CATY,
CB,
CBAN,
CBAT,
CBAY,
CBD,
CBIO,
CBL,
CBNK,
CBOE,
CBRE,
CBRL,
CBT,
CBU,
CBUS,
CBZ,
CC,
CCAP,
CCB,
CCBG,
CCCC,
CCCS,
CCEL,
CCEP,
CCF,
CCI,
CCJ,
CCK,
CCL,
CCLD,
CCLP,
CCM,
CCO,
CCOI,
CCRD,
CCRN,
CCS,
CCSI,
CCU,
CD,
CDAY,
CDE,
CDIO,
CDNS,
CDR-B,
CDR-C,
CDRE,
CDRO,
CDTX,
CDW,
CDZI,
CE,
CECO,
CEE,
CEF,
CEG,
CEI,
CEIX,
CEL.P,
CELH,
CELL,
CELU,
CELZ,
CEM,
CEN,
CENT,
CENTA,
CENX,
CEQ.P,
CEQP,
CERE,
CERS,
CERT,
CEV,
CEVA,
CF,
CFB,
CFFI,
CFFN,
CFG,
CFG-D,
CFG-E,
CFLT,
CFR,
CFR-B,
CFRX,
CG,
CGA,
CGAU,
CGC,
CGEN,
CGNX,
CGO,
CGTX,
CHCI,
CHCO,
CHCT,
CHD,
CHDN,
CHE,
CHEF,
CHEK,
CHGG,
CHH,
CHI,
CHK,
CHKP,
CHM-A,
CHM-B,
CHMG,
CHMI,
CHN,
CHNR,
CHRD,
CHRS,
CHRW,
CHS,
CHSCP,
CHT,
CHTR,
CHUY,
CHW,
CHWY,
CHX,
CHY,
CI,
CIA,
CIB,
CIEN,
CIF,
CIFR,
CII,
CIK,
CIM,
CIM-A,
CIM-B,
CIM-C,
CIM-D,
CINF,
CING,
CINT,
CIO,
CIO-A,
CIR,
CISO,
CIVI,
CIX,
C-J,
CJJD,
C-K,
CL,
CLAR,
CLB,
CLB.U,
CLB.W,
CLBK,
CLBT,
CLD-A,
CLDT,
CLDX,
CLF,
CLFD,
CLGN,
CLH,
CLIR,
CLLS,
CLM,
CLMB,
CLMT,
CLNE,
CLNN,
CLOV,
CLPR,
CLRB,
CLRO,
CLS,
CLSD,
CLSK,
CLV-A,
CLW,
CLWT,
CLX,
CM,
CMA,
CMAX,
CMBM,
CMC,
CMCL,
CMCM,
CMCO,
CMCT,
CME,
CMG,
CMI,
CMLS,
CMMB,
CMP,
CMPO,
CMPR,
CMPS,
CMPX,
CMR-B,
CMR-C,
CMR-D,
CMRE,
CMR-E,
CMRX,
CMS,
CMS-C,
CMT,
CMTG,
CMTL,
CMU,
C-N,
COCO,
COCP,
CODA,
COD-A,
COD-B,
COD-C,
CODI,
CODX,
COE,
COEP,
COF,
COF-I,
COF-J,
COF-K,
COF-L,
COF-N,
COGT,
COHN,
COHR,
COHU,
COIN,
COKE,
COLB,
COLD,
COLL,
COLM,
CONN,
CONX,
COO,
COOK,
COOL,
COR.W,
CORR,
CORT,
COR-Z,
COTY,
COUR,
COYA,
CP,
CPA,
CPAC,
CPB,
CPE,
CPF,
CPG,
CPHC,
CPHI,
CPK,
CPLP,
CPNG,
CPRI,
CPRT,
CPRX,
CPS,
CPSS,
CPU.U,
CPU.W,
CQP,
CR,
CRBG,
CRBP,
CRBU,
CRC,
CRCT,
CRD.A,
CRD.B,
CRDF,
CRDL,
CRDO,
CREG,
CRESY,
CREX,
CRF,
CRGE,
CRGO,
CRGY,
CRH,
CRI,
CRIS,
CRK,
CRKN,
CRL,
CRM,
CRMD,
CRMT,
CRNC,
CRNT,
CRNX,
CRON,
CROX,
CRS,
CRSR,
CRT,
CRTO,
CRUS,
CRVL,
CRVS,
CRWD,
CRWS,
CS,
CSGP,
CSGS,
CSIQ,
CSL,
CSQ,
CSR,
CSR-C,
CSSE,
CST.U,
CSTE,
CSTL,
CSTM,
CSTR,
CSV,
CSWC,
CSWI,
CSX,
CTBI,
CTG,
CTGO,
CTHR,
CTIB,
CTIC,
CTKB,
CTLP,
CTM,
CTMX,
CTO,
CTO.W,
CTO-A,
CTOS,
CTS,
CTSO,
CTV,
CTVA,
CTXR,
CUBA,
CUBE,
CUB-E,
CUB-F,
CUBI,
CUE,
CULP,
CURI,
CURO,
CURV,
CUZ,
CVAC,
CVCO,
CVCY,
CVE,
CVE.W,
CVEO,
CVGW,
CVI,
CVI.U,
CVI.W,
CVLG,
CVLT,
CVLY,
CVM,
CVS,
CVU,
CVX,
CW,
CWAN,
CWCO,
CWE.A,
CWH,
CWK,
CWT,
CX,
CXA.U,
CXA.W,
CXDO,
CXE,
CXH,
CXM,
CXW,
CYCC,
CYD,
CYH,
CYN,
CYRX,
CYT,
CYTH,
CYTK,
CYTO,
CZFS,
CZNC,
CZOO,
CZR,
CZWI,
D,
DAC,
DADA,
DAIO,
DAKT,
DAL,
DALN,
DAN,
DAO,
DAR,
DARE,
DAVA,
DAVE,
DAWN,
DB,
DBI,
DBRG,
DBR-H,
DBR-I,
DBR-J,
DBTX,
DBX,
DC,
DCBO,
DCGO,
DCI,
DCO,
DCP,
DCP-B,
DCP-C,
DCPH,
DCTH,
DD,
DDD,
DDI,
DDL,
DDS,
DE,
DEA,
DECK,
DEI,
DELL,
DEN,
DENN,
DEO,
DFFN,
DFH,
DFIN,
DFLI,
DFS,
DG,
DGICA,
DGLY,
DGX,
DH,
DHF,
DHI,
DHIL,
DHR,
DHT,
DHX,
DHY,
DIBS,
DICE,
DIN,
DINO,
DIOD,
DIS,
DIT,
DJCO,
DK,
DKL,
DKS,
DLA,
DLB,
DLO,
DLPN,
DLR,
DLR-J,
DLR-K,
DLR-L,
DLTH,
DLTR,
DLX,
DLY,
DM,
DMF,
DMLP,
DMRC,
DMS,
DMS.W,
DMTK,
DMY.U,
DNB,
DNMR,
DNN,
DNOW,
DNP,
DNUT,
DO,
DOC,
DOCS,
DOCU,
DOM.W,
DOMA,
DOMO,
DOOO,
DOOR,
DORM,
DOUG,
DOV,
DOW,
DOX,
DOYU,
DPZ,
DQ,
DRCT,
DRD,
DRH,
DRH-A,
DRI,
DRIO,
DRMA,
DRQ,
DRRX,
DRS,
DRTS,
DRTT,
DRUG,
DSA.U,
DSEY,
DSGN,
DSGR,
DSGX,
DSL,
DSM,
DSP,
DSS,
DSU,
DSWL,
DSX,
DSX-B,
DT,
DTC,
DTE,
DTF,
DTIL,
DTM,
DTSS,
DTST,
DUO,
DUOL,
DUOT,
DV,
DVA,
DVAX,
DVN,
DWSN,
DX,
DX-C,
DXF,
DXPE,
DXR,
DXYN,
DY,
DYAI,
DYN,
DYNT,
DZSI,
E,
EA,
EAD,
EAF,
EAR,
EARN,
EAST,
EAT,
EB,
EBAY,
EBC,
EBET,
EBF,
EBIX,
EBMT,
EBR,
EBR.B,
EBS,
EBTC,
EC,
ECC,
ECC-D,
ECF,
ECF-A,
ECL,
ECOR,
ECPG,
ECX,
ED,
EDAP,
EDD,
EDN,
EDR,
EDRY,
EDSA,
EDU,
EDUC,
EE,
EEA,
EEFT,
EEIQ,
EEX,
EFC,
EFC-A,
EFC-B,
EFC-C,
EFR,
EFSC,
EFT,
EFTR,
EFX,
EGAN,
EGG.W,
EGHT,
EGIO,
EGLE,
EGLX,
EGO,
EGP,
EGY,
EH,
EHAB,
EHC,
EHI,
EHTH,
EIM,
EIX,
EKSO,
EL,
ELA,
ELAN,
ELBM,
ELEV,
ELF,
ELLO,
ELMD,
ELME,
ELOX,
ELP,
ELS,
ELTK,
ELTX,
ELV,
ELVN,
ELYM,
EM,
EMAN,
EMD,
EME,
EMF,
EMKR,
EML,
EMN,
EMO,
EMR,
EMX,
ENB,
ENFN,
ENG,
ENIC,
ENLC,
ENLT,
ENLV,
ENPH,
ENR,
ENS,
ENSC,
ENSG,
ENSV,
ENTA,
ENTG,
ENTX,
ENV,
ENVA,
ENVX,
ENX,
ENZ,
EOD,
EOG,
EOI,
EOLS,
EOS,
EOSE,
EP,
EPAC,
EPAM,
EPC,
EP-C,
EPD,
EPM,
EPR,
EPR-C,
EPR-E,
EPR-G,
EPRT,
EQ,
EQBK,
EQC,
EQC-D,
EQH,
EQH-A,
EQH-C,
EQIX,
EQNR,
EQR,
EQRX,
EQS,
EQT,
EQX,
ERC,
ERF,
ERH,
ERIC,
ERIE,
ERII,
ERJ,
ES,
ESAB,
ESCA,
ESE,
ESI,
ESLT,
ESMT,
ESNT,
ESOA,
ESP,
ESPR,
ESQ,
ESRT,
ESS,
ESSA,
ESTA,
ESTC,
ESTE,
ET,
ETB,
ET-C,
ETD,
ET-D,
ET-E,
ETG,
ETI.P,
ETJ,
ETN,
ETNB,
ETO,
ETON,
ETR,
ETRN,
ETSY,
ETV,
ETW,
ETW.W,
ETWO,
ETX,
ETY,
EU,
EUDA,
EURN,
EVA,
EVAX,
EVC,
EVCM,
EVF,
EVG,
EVGN,
EVGO,
EVH,
EVI,
EVLO,
EVLV,
EVN,
EW,
EWBC,
EXAI,
EXAS,
EXEL,
EXFY,
EXG,
EXK,
EXLS,
EXP,
EXPD,
EXPE,
EXPI,
EXPO,
EXPR,
EXR,
EYE,
EYEN,
EZFL,
EZGO,
EZPW,
F,
FA,
FAC.T,
FAF,
FAM,
FARM,
FARO,
FAT,
FAT.W,
FATE,
FATH,
FAX,
F-B,
FBIN,
FBIO,
FBIZ,
FBK,
FBMS,
FBNC,
FBP,
FBR-E,
FBRT,
FBRX,
FC,
F-C,
FCBC,
FCCO,
FCEL,
FCF,
FCFS,
FCO,
FCT,
FCX,
F-D,
FDP,
FDS,
FDUS,
FDX,
FE,
FEAM,
FELE,
FEN,
FENC,
FENG,
FERG,
FET,
FF,
FFA,
FFBC,
FFC,
FFIC,
FFIE,
FFIN,
FFIV,
FFNW,
FFWM,
FG,
FGEN,
FGF,
FGH,
FGI,
FHB,
FHI,
FHN,
FHN-B,
FHN-C,
FHN-D,
FHN-E,
FHN-F,
FHTX,
FI,
FIBK,
FICO,
FIF,
FINV,
FINW,
FIP,
FIS,
FISI,
FIVN,
FIX,
FIXX,
FIZZ,
FKWL,
FL,
FLC,
FLEX,
FLGC,
FLGT,
FLIC,
FLJ,
FLL,
FLO,
FLR,
FLS,
FLT,
FLWS,
FLXS,
FLYW,
FN,
FNB,
FNB-E,
FNCB,
FNCH,
FND,
FNF,
FNGR,
FNLC,
FNV,
FNWB,
FNWD,
FOA,
FOA.W,
FOCS,
FOF,
FOLD,
FONR,
FOR,
FORD,
FORG,
FORM,
FORR,
FORTY,
FOSL,
FOUR,
FOX,
FOXA,
FOXF,
FPF,
FPH,
FPI,
FR,
FRBA,
FRBK,
FRD,
FRE.W,
FREE,
FREQ,
FRES,
FREY,
FRG,
FRGE,
FRGI,
FRHC,
FRLN,
FRME,
FRO,
FROG,
FRPH,
FRST,
FRSX,
FRT,
FRT-C,
FRTX,
FRX.S,
FRX.T,
FSBC,
FSBW,
FSFG,
FSI,
FSK,
FSLR,
FSLY,
FSM,
FSP,
FSR,
FSS,
FSTR,
FSV,
FT,
FTDR,
FTEK,
FTHM,
FTI,
FTK,
FTNT,
FTS,
FTV,
FUBO,
FUL,
FULC,
FULT,
FUN,
FUNC,
FUND,
FURY,
FUSB,
FUSN,
FUTU,
FUV,
FWBI,
FWONK,
FWRD,
FWRG,
FYBR,
G,
GAB,
GABC,
GAB-G,
GAB-H,
GAB-K,
GAIA,
GAIN,
GAM,
GAMB,
GAM-B,
GAME,
GAN,
GANX,
GAQ.U,
GAQ.W,
GASS,
GATO,
GATX,
GAU,
GCBC,
GCI,
GCMG,
GCO,
GCT,
GCV,
GD,
GDDY,
GDL,
GDRX,
GDS,
GDYN,
GE,
GECC,
GEF,
GEF.B,
GEG,
GEHC,
GEHI,
GEL,
GEN,
GENC,
GENE,
GENI,
GEO,
GEOS,
GER,
GERN,
GES,
GET.T,
GETR,
GETY,
GF,
GFAI,
GFF,
GFI,
GFL,
GFO.W,
GFS,
GFX.W,
GGE,
GGG,
GGN,
GGN-B,
GGR,
GGT,
GGT-G,
GH,
GHC,
GHG,
GHI,
GHL,
GHLD,
GHM,
GHRS,
GHSI,
GIB,
GIC,
GIFI,
GIL,
GILD,
GILT,
GIM,
GIPR,
GIS,
GL,
GLAD,
GLBE,
GLBS,
GLBZ,
GL-D,
GLMD,
GLNG,
GLO,
GLO-A,
GLOB,
GLO-B,
GLO-C,
GLO-G,
GLP,
GLP-A,
GLP-B,
GLPG,
GLPI,
GLQ,
GLRE,
GLSI,
GLT,
GLT.U,
GLTO,
GLU,
GLU-B,
GLUE,
GLV,
GLW,
GLYC,
GM,
GMAB,
GMBL,
GMDA,
GME,
GMED,
GMGI,
GMR-A,
GMRE,
GMS,
GMVD,
GNE,
GNE-A,
GNK,
GNL,
GNL-A,
GNL-B,
GNLN,
GNLX,
GNPX,
GNS,
GNUS,
GNW,
GO,
GOCO,
GOEV,
GOF,
GOG.U,
GOG.W,
GOGL,
GOGO,
GOL,
GOLD,
GOLF,
GOOD,
GOOG,
GOOGL,
GOOS,
GORO,
GOSS,
GOTU,
GOVX,
GP,
GPC,
GPCR,
GPI,
GPK,
GPM-A,
GPMT,
GPN,
GPOR,
GPRE,
GPRK,
GPRO,
GPS,
GRB-A,
GRBK,
GRC,
GRCL,
GREE,
GRF,
GRFS,
GRI,
GRIL,
GRIN,
GRMN,
GRO.T,
GRO.W,
GROV,
GROW,
GROY,
GRP.U,
GRPH,
GRPN,
GRRR,
GRTS,
GRTX,
GRVY,
GRWG,
GS,
GS-A,
GSBC,
GSBD,
GS-C,
GS-D,
GSIT,
GS-J,
GSK,
GS-K,
GSL,
GSL-B,
GSM,
GSMG,
GSQ.T,
GT,
GTBP,
GTE,
GTEC,
GTES,
GTH,
GTHX,
GTIM,
GTLB,
GTL-B,
GTLS,
GTN,
GTX,
GTXAP,
GTY,
GUT,
GVA,
GVP,
GWAV,
GWH,
GWH.W,
GWRE,
GWRS,
GWW,
GXO,
GYRO,
H,
HA,
HAE,
HAFC,
HAIN,
HAL,
HALL,
HALO,
HAS,
HASI,
HAYN,
HAYW,
HBAN,
HBB,
HBCP,
HBI,
HBIO,
HBM,
HBNC,
HBT,
HCA,
HCAT,
HCC,
HCCI,
HCDI,
HCI,
HCKT,
HCM,
HCP,
HCSG,
HCTI,
HD,
HDB,
HDSN,
HE,
HEAR,
HEI,
HEI.A,
HELE,
HEP,
HEPA,
HES,
HESM,
HEXO,
HFR-A,
HFWA,
HGEN,
HGT.W,
HGTY,
HGV,
HHC,
HHL.U,
HHL.W,
HHRS,
HHS,
HI,
HIFS,
HIHO,
HII,
HILS,
HIMS,
HIMX,
HIO,
HIP.W,
HITI,
HIW,
HIX,
HL,
HLF,
HLG.W,
HLGN,
HLI,
HLIO,
HLL.W,
HLLY,
HLMN,
HLT,
HLTH,
HLVX,
HLX,
HMA.U,
HMA.W,
HMC,
HMN,
HMST,
HMY,
HNI,
HNRG,
HNST,
HOFT,
HOG,
HOLI,
HOLX,
HON,
HONE,
HOOD,
HOOK,
HOTH,
HOUR,
HOUS,
HOV,
HOWL,
HP,
HPE,
HPF,
HPI,
HPK,
HPQ,
HPS,
HQH,
HQI,
HQY,
HR,
HRB,
HRI,
HRL,
HRMY,
HROW,
HRT,
HRTG,
HRTX,
HRZN,
HSBC,
HSC,
HSCS,
HSDT,
HSIC,
HSII,
HSKA,
HSON,
HST,
HSTM,
HSTO,
HSY,
HT,
HTBI,
HTBK,
HT-C,
HTCR,
HTD,
HT-D,
HT-E,
HTGC,
HTGM,
HTH,
HTHT,
HTLD,
HTLF,
HTOO,
HTY,
HTZ,
HUBB,
HUBG,
HUBS,
HUIZ,
HUM,
HUMA,
HUN,
HURC,
HURN,
HUSA,
HUYA,
HWBK,
HWC,
HWKN,
HWM,
HWM.P,
HXL,
HY,
HYB,
HYLN,
HYMC,
HYPR,
HYT,
HYW,
HYZN,
HZNP,
HZO,
IAC,
IAE,
IAF,
IAG,
IART,
IAS,
IBCP,
IBEX,
IBIO,
IBKR,
IBM,
IBN,
IBOC,
IBP,
IBRX,
IBTX,
ICAD,
ICCC,
ICCM,
ICD,
ICE,
ICHR,
ICL,
ICLK,
ICLR,
ICMB,
ICR-A,
ICU,
ICUI,
ICVX,
ID,
IDA,
IDAI,
IDCC,
IDE,
IDEX,
IDN,
IDR,
IDT,
IDYA,
IE,
IEP,
IESC,
IEX,
IFF,
IFRX,
IFS,
IH,
IHG,
IHRT,
IHS,
IHT,
IIF,
III,
IIIN,
IIIV,
IIM,
IINN,
IIP-A,
IIPR,
IKT,
ILLM,
ILMN,
IMAB,
IMAX,
IMBI,
IMCC,
IMCR,
IMGN,
IMKTA,
IMMP,
IMMR,
IMMX,
IMNM,
IMNN,
IMO,
IMOS,
IMPL,
IMRN,
IMRX,
IMTX,
IMUX,
INBK,
INBS,
INBX,
INDB,
INDI,
INDO,
INDT,
INFA,
INFI,
INFN,
INFU,
INFY,
ING,
INGN,
INGR,
INKT,
INLX,
INM,
INMB,
INMD,
INN,
INN-E,
INN-F,
INNV,
INO,
INOD,
INPX,
INSE,
INSG,
INSI,
INSM,
INSP,
INST,
INSW,
INT,
INTA,
INTC,
INTR,
INTT,
INTU,
INTZ,
INUV,
INVA,
INVE,
INVH,
INVZ,
INZY,
IOBT,
IOSP,
IOT,
IOVA,
IP,
IPA,
IPAR,
IPG,
IPHA,
IPI,
IPW,
IPWR,
IPX,
IQ,
IQI,
IQV,
IR,
IRBT,
IRDM,
IREN,
IRIX,
IRM,
IRMD,
IRN.W,
IRNT,
IRON,
IRR.W,
IRS,
IRS.W,
IRT,
IRTC,
IRWD,
ISEE,
ISPO,
ISRG,
ISSC,
ISTR,
ISUN,
IT,
ITCI,
ITCL,
ITGR,
ITI,
ITIC,
ITOS,
ITP,
ITRI,
ITRM,
ITRN,
ITT,
ITUB,
ITW,
IVDA,
IVZ,
IX,
IXHL,
IZEA,
J,
JACK,
JAGX,
JAKK,
JAMF,
JAN,
JANX,
JBGS,
JBHT,
JBI,
JBL,
JBLU,
JBSS,
JBT,
JCE,
JCI,
JCTCF,
JD,
JEF,
JEQ,
JFIN,
JFU,
JG,
JHG,
JHI,
JHS,
JHX,
JILL,
JJSF,
JKHY,
JKS,
JLL,
JLS,
JMIA,
JMM,
JNJ,
JNPR,
JPC,
JPM,
JPM-C,
JPM-D,
JPM-J,
JPM-K,
JPM-L,
JPM-M,
JPS,
JQC,
JSPR,
JT,
JUN.W,
JVA,
JWN,
JWS.T,
JXN,
JXN-A,
JYNT,
K,
KA,
KAI,
KALA,
KALU,
KALV,
KAMN,
KAR,
KARO,
KAVL,
KB,
KBH,
KBNT,
KBR,
KC,
KCG.W,
KD,
KDNY,
KDP,
KE,
KELYA,
KEN,
KEP,
KERN,
KEX,
KEY,
KEY-I,
KEY-J,
KEY-K,
KEY-L,
KF,
KFFB,
KFRC,
KFS,
KFY,
KGC,
KHC,
KIDS,
KIM,
KIM-L,
KIM-M,
KIND,
KINS,
KIQ,
KIRK,
KITT,
KKR,
KKR-C,
KLAC,
KLIC,
KLR,
KLTR,
KLXE,
KMB,
KMDA,
KMF,
KMI,
KMPR,
KMT,
KMX,
KN,
KNDI,
KNF,
KNSA,
KNTE,
KNTK,
KNW,
KNX,
KO,
KOD,
KODK,
KOF,
KOR.W,
KORE,
KOS,
KOSS,
KPLT,
KPRX,
KR,
KRBP,
KRC,
KRG,
KRKR,
KRMD,
KRNT,
KRNY,
KRO,
KRON,
KROS,
KRP,
KRT,
KRTX,
KRUS,
KSM,
KSPN,
KSS,
KT,
KTB,
KTCC,
KTF,
KTOS,
KTTA,
KULR,
KVHI,
KVUE,
KW,
KWE,
KWR,
KYMR,
KYN,
KZIA,
KZR,
L,
LAB,
LABP,
LAC,
LAD,
LADR,
LAKE,
LAMR,
LANC,
LAND,
LANV,
LARK,
LASE,
LASR,
LAUR,
LAW,
LBAI,
LBC,
LBPH,
LBRDA,
LBRDK,
LBRT,
LBTYK,
LC,
LCII,
LCTX,
LDI,
LDOS,
LE,
LEA,
LECO,
LEDS,
LEE,
LEG,
LEGH,
LEGN,
LEJU,
LEN,
LEN.B,
LEO,
LESL,
LEU,
LEV,
LEV.W,
LEVI,
LEXX,
LFCR,
LFLY,
LFST,
LFT,
LFT-A,
LFUS,
LGF.A,
LGF.B,
LGI,
LGIH,
LGL,
LGMK,
LGND,
LGO,
LGVN,
LH,
LHX,
LI,
LIAN,
LICY,
LIDR,
LIFE,
LIFW,
LII,
LILA,
LILAK,
LILM,
LIN,
LIND,
LINK,
LIQT,
LIVN,
LIZI,
LKCO,
LKFN,
LKQ,
LL,
LLA.W,
LLAP,
LLY,
LMAT,
LMB,
LMDX,
LMDXW,
LMFA,
LMN.W,
LMND,
LMNL,
LMNR,
LMT,
LNC,
LNC-D,
LNG,
LNKB,
LNN,
LNSR,
LNT,
LNTH,
LNW,
LNZA,
LOAN,
LOB,
LOC.T,
LOCL,
LOCO,
LODE,
LOGI,
LOMA,
LOV,
LOVE,
LOW,
LPG,
LPL,
LPLA,
LPRO,
LPSN,
LPX,
LRCX,
LRFC,
LRMR,
LRN,
LSAK,
LSBK,
LSDI,
LSF,
LSI,
LSTA,
LSTR,
LSXMA,
LSXMK,
LTBR,
LTC,
LTCH,
LTH,
LTHM,
LTRN,
LTRPA,
LTRX,
LU,
LUCD,
LULU,
LUMN,
LUMO,
LUNR,
LUV,
LVS,
LVW.W,
LVWR,
LW,
LWAY,
LWLG,
LX,
LXFR,
LXP,
LXP-C,
LXRX,
LXU,
LYB,
LYEL,
LYFT,
LYG,
LYV,
LZ,
LZB,
M,
MA,
MAA,
MAC,
MACK,
MAG,
MAIA,
MAIN,
MAN,
MANH,
MANU,
MAPS,
MAR,
MARK,
MAS,
MASI,
MASS,
MAT,
MATV,
MATW,
MATX,
MAV,
MAX,
MAXN,
MBC,
MBI,
MBIN,
MBIO,
MBLY,
MBOT,
MBRX,
MBS.U,
MBUU,
MBWM,
MC,
MCB,
MCBC,
MCBS,
MCD,
MCFT,
MCI,
MCK,
MCO,
MCR,
MCRB,
MCRI,
MCS,
MCW,
MCY,
MD,
MDB,
MDC,
MDGL,
MDLZ,
MDRR,
MDRX,
MDT,
MDU,
MDV,
MDV-A,
MDVL,
MDWD,
MDWT,
MDXG,
MDXH,
ME,
MEC,
MED,
MEDP,
MEDS,
MEG,
MEI,
MEIP,
MELI,
MEOH,
MERC,
MER-K,
MESA,
MESO,
MET,
META,
MET-A,
METC,
MET-E,
MET-F,
METX,
MF,
MFA,
MFA-B,
MFA-C,
MFC,
MFD,
MFG,
MFIC,
MFIN,
MG,
MGA,
MGAM,
MGEE,
MGIC,
MGM,
MGNI,
MGNX,
MGPI,
MGTA,
MGTX,
MGY,
MGYR,
MHD,
MHF,
MHH,
MHI,
MHK,
MHLD,
MHN,
MHO,
MICS,
MIMO,
MIN,
MIND,
MINM,
MIR,
MIR.W,
MIRM,
MIRO,
MIST,
MIT-A,
MIT-B,
MIT-C,
MITK,
MITT,
MIY,
MKC,
MKC.V,
MKF.W,
MKFG,
MKL,
MKSI,
MKTW,
MKTX,
MKUL,
ML,
ML.W,
MLAB,
MLCO,
MLI,
MLKN,
MLM,
MLP,
MLR,
MLSS,
MLTX,
MLVF,
MMAT,
MMC,
MMI,
MMLP,
MMM,
MMMB,
MMP,
MMS,
MMSI,
MMT,
MMU,
MMYT,
MNDO,
MNDY,
MNMD,
MNOV,
MNP,
MNPR,
MNSB,
MNSO,
MNST,
MNT.W,
MNTK,
MNTS,
MNTX,
MO,
MOB,
MOBQ,
MOD,
MODD,
MODG,
MODN,
MODV,
MOFG,
MOG.A,
MOGO,
MOGU,
MOH,
MOLN,
MOMO,
MOR,
MORF,
MORN,
MOS,
MOTS,
MOV,
MP,
MPA,
MPAA,
MPB,
MPC,
MPL.W,
MPLN,
MPLX,
MPU,
MPV,
MPW,
MPWR,
MPX,
MQ,
MQT,
MQY,
MRBK,
MRC,
MRCY,
MRD.W,
MREO,
MRIN,
MRK,
MRKR,
MRNS,
MRO,
MRSN,
MRTN,
MRTX,
MRUS,
MRVI,
MRVL,
MS,
MSA,
MS-A,
MSB,
MSC,
MSCI,
MS-E,
MSEX,
MS-F,
MSFT,
MSGM,
MSGS,
MSI,
MS-I,
MS-K,
MS-L,
MSM,
MSN,
MS-O,
MS-P,
MSSAR,
MSTR,
MT,
MTA,
MTA.U,
MTA.W,
MTB,
MTB-H,
MTC,
MTCH,
MTD,
MTDR,
MTEM,
MTEX,
MTG,
MTH,
MTLS,
MTN,
MTNB,
MTR,
MTRN,
MTRX,
MTSI,
MTTR,
MTV.U,
MTVC,
MTW,
MTX,
MTZ,
MU,
MUC,
MUE,
MUFG,
MUI,
MUJ,
MULN,
MUR,
MUSA,
MUX,
MVF,
MVLA,
MVST,
MWA,
MX,
MXL,
MYD,
MYE,
MYFW,
MYGN,
MYI,
MYN,
MYNZ,
MYO,
MYRG,
MYTE,
NB,
NBB,
NBH,
NBHC,
NBIX,
NBN,
NBO,
NBR,
NBRV,
NBSE,
NBTX,
NBW,
NBY,
NC,
NCA,
NCLH,
NCMI,
NCPL,
NCR,
NCTY,
NCV,
NCV-A,
NCZ,
NCZ-A,
NDAQ,
NDSN,
NE,
NEA,
NECB,
NEE,
NEE-N,
NEE-Q,
NEE-R,
NEGG,
NEM,
NEO,
NEOG,
NEON,
NEOV,
NEP,
NEPH,
NERV,
NET,
NET.W,
NETI,
NEU,
NEWR,
NEX,
NEXA,
NFBK,
NFE,
NFG,
NFJ,
NFLX,
NFY.U,
NG,
NGD,
NGG,
NGL,
NGL-B,
NGL-C,
NGM,
NGMS,
NGS,
NGVC,
NHC,
NHI,
NHS,
NHS.P,
NHTC,
NHWK,
NI,
NI-B,
NIC,
NICE,
NICK,
NIE,
NIM,
NINE,
NIO,
NIR,
NISN,
NIU,
NJR,
NKE,
NKLA,
NKTR,
NKTX,
NL,
NLS,
NLSP,
NLTX,
NLY,
NLY-F,
NLY-G,
NLY-I,
NM,
NMFC,
NMG,
NM-H,
NMI,
NMIH,
NMK-C,
NML,
NMM,
NMR,
NMRD,
NMRK,
NMT,
NMTC,
NMTR,
NMZ,
NN,
NNBR,
NNDM,
NNI,
NNN,
NNOX,
NNVC,
NNY,
NOA,
NOAH,
NOC,
NOG,
NOGN,
NOK,
NOT.W,
NOTE,
NOTV,
NOV,
NOVA,
NOVN,
NOW,
NPCE,
NPCT,
NPK,
NPO,
NPV,
NQP,
NR,
NRBO,
NRC,
NRD.W,
NRDS,
NRDY,
NRE-A,
NREF,
NRG,
NRGV,
NRIM,
NRIX,
NRK,
NRP,
NRSN,
NRT,
NRXP,
NS,
NSA,
NS-A,
NSA-A,
NS-B,
NSC,
NS-C,
NSIT,
NSP,
NSPR,
NST.U,
NST.W,
NSTG,
NTAP,
NTB,
NTCO,
NTCT,
NTES,
NTEST.I,
NTG,
NTGR,
NTIC,
NTLA,
NTNX,
NTR,
NTRB,
NTRS,
NTST,
NTWK,
NTZ,
NU,
NUE,
NURO,
NUS,
NUTX,
NUV,
NUV.W,
NUVA,
NUVL,
NVAX,
NVCT,
NVDA,
NVEC,
NVEE,
NVEI,
NVG,
NVGS,
NVIV,
NVMI,
NVNO,
NVS,
NVST,
NVX,
NWBI,
NWE,
NWFL,
NWG,
NWL,
NWLI,
NWN,
NWPX,
NX,
NXD-A,
NXDT,
NXE,
NXG,
NXGL,
NXGN,
NXJ,
NXP,
NXPI,
NXPL,
NXST,
NXU,
NYC,
NYC-A,
NYCB,
NYC-U,
NYMT,
NYMX,
NYT,
NYXH,
NZF,
O,
OABI,
OAK-A,
OAK-B,
OB,
OBE,
OBIO,
OBK,
OBLG,
OBT,
OC,
OCC,
OCCI,
OCEA,
OCFC,
OCFT,
OCG,
OCGN,
OCS,
OCSL,
OCUL,
OCUP,
OCX,
ODC,
ODFL,
ODP,
ODV,
OEC,
OESX,
OFC,
OFG,
OFIX,
OFLX,
OFS,
OGE,
OGEN,
OGI,
OGN,
OGS,
OHI,
OI,
OIA,
OII,
OIS,
OKE,
OKTA,
OLB,
OLED,
OLK,
OLLI,
OLMA,
OLN,
OLO,
OLP,
OLPX,
OM,
OMAB,
OMC,
OMCL,
OMER,
OMEX,
OMF,
OMGA,
OMI,
OMIC,
OMQS,
ON,
ONB,
ONCR,
ONCS,
ONCT,
ONCY,
ONEW,
ONFO,
ONL,
ONON,
ONTF,
ONTO,
ONTX,
OOMA,
OR,
ORC,
ORCL,
ORGN,
ORGO,
ORGS,
ORI,
ORIC,
ORMP,
ORN,
ORRF,
ORTX,
OSBC,
OSCR,
OSG,
OSK,
OSPN,
OSS,
OSUR,
OSW,
OTEX,
OTIS,
OTLK,
OTLY,
OTMO,
OTRK,
OTTR,
OUS.W,
OUS.X,
OUT,
OVID,
OWL,
OWL.T,
OWLT,
OXM,
OXSQ,
OXY,
OXY.W,
PAA,
PAAS,
PAC,
PAC.W,
PACB,
PACK,
PACW,
PAG,
PAGP,
PAGS,
PAHC,
PAI,
PALI,
PALT,
PAM,
PANL,
PANW,
PAR,
PARR,
PASG,
PATH,
PATI,
PATK,
PAVM,
PAVS,
PAX,
PAY,
PAYC,
PAYO,
PAYX,
PB,
PBA,
PBF,
PBH,
PBHC,
PBI,
PBI-B,
PBR,
PBR.A,
PBT,
PBTS,
PBYI,
PCAR,
PCB,
PCG,
PCG-A,
PCG-B,
PCG-C,
PCG-D,
PCG-E,
PCG-G,
PCG-H,
PCG-I,
PCH,
PCK,
PCOR,
PCQ,
PCRX,
PCT,
PCTI,
PCTY,
PCVX,
PD,
PDCE,
PDCO,
PDD,
PDEX,
PDFS,
PDI,
PDLB,
PDM,
PDS,
PDSB,
PEAK,
PEB,
PEB-E,
PEB-F,
PEB-G,
PEBK,
PEBO,
PECO,
PED,
PEG,
PEGA,
PEGY,
PEN,
PENN,
PEO,
PEP,
PEPG,
PERF,
PERI,
PESI,
PET,
PETQ,
PETS,
PETV,
PFBC,
PFC,
PFD,
PFE,
PFG,
PFGC,
PFN,
PFO,
PFS,
PFSI,
PFSW,
PG,
PGC,
PGEN,
PGNY,
PGR,
PGRE,
PGRU,
PGS.W,
PGTI,
PGY,
PH,
PHAT,
PHD,
PHG,
PHI,
PHIO,
PHK,
PHM,
PHR,
PHT,
PHUN,
PHVS,
PHX,
PI,
PIA.W,
PII,
PIII,
PIK,
PIM,
PIPR,
PIRS,
PIXY,
PJT,
PK,
PKE,
PKG,
PKOH,
PKST,
PKX,
PL,
PL.W,
PLAB,
PLAG,
PLAY,
PLBC,
PLBY,
PLCE,
PLD,
PLG,
PLL,
PLM,
PLMR,
PLNT,
PLOW,
PLPC,
PLRX,
PLSE,
PLTK,
PLTR,
PLUG,
PLUR,
PLUS,
PLX,
PLXS,
PLYA,
PLY-A,
PLYM,
PM,
PMCB,
PMD,
PMF,
PML,
PMT,
PMT-A,
PMT-B,
PMT-C,
PMTS,
PMVP,
PMX,
PNBK,
PNC,
PNF,
PNFP,
PNI,
PNM,
PNNT,
PNR,
PNRG,
PNT,
PNTG,
PNW,
POAI,
POCI,
PODD,
POET,
POL,
POL.W,
POLA,
POOL,
POR,
POWI,
POWL,
POWW,
PR,
PRCH,
PRCT,
PRDO,
PRDS,
PRE,
PRE-J,
PRG,
PRGO,
PRGS,
PRI,
PRI-D,
PRI-F,
PRI-G,
PRI-H,
PRI-I,
PRI-J,
PRI-K,
PRIM,
PRK,
PRLB,
PRLD,
PRM,
PRME,
PRMW,
PRO,
PROF,
PROK,
PROV,
PRP.T,
PRPH,
PRPL,
PRPO,
PRQR,
PRT,
PRTA,
PRTC,
PRTG,
PRTK,
PRTS,
PRU,
PRVA,
PSA,
PSA-F,
PSA-G,
PSA-H,
PSA-I,
PSA-J,
PSA-K,
PSA-L,
PSA-M,
PSA-N,
PSA-O,
PSA-P,
PSA-Q,
PSA-R,
PSA-S,
PSE-A,
PSEC,
PSMT,
PSN,
PSNL,
PSNY,
PSO,
PSX,
PUBM,
PULM,
PUMP,
PVH,
PVL,
PW,
PW-A,
PWFL,
PWOD,
PWP,
PWR,
PX,
PXD,
PXLW,
PXS,
PZC,
PZG,
PZZA,
QBT.W,
QBTS,
QCRH,
QD,
QDEL,
QFIN,
QGEN,
QH,
QLGN,
QMCO,
QNCX,
QNRX,
QNST,
QRHC,
QRTEA,
QS,
QSI,
QSR,
QTWO,
QUAD,
QUIK,
QUOT,
R,
RBA,
RBB,
RBC,
RBCAA,
RBLX,
RBO.W,
RBOT,
RBT,
RBT.W,
RC,
RC-E,
RCEL,
RCG,
RCI,
RCKT,
RCKY,
RCL,
RCLF,
RCM,
RCMT,
RCON,
RCRT,
RCS,
RCUS,
RDCM,
RDFN,
RDHL,
RDI,
RDN,
RDNT,
RDW,
RDW.W,
RDWR,
RDY,
RE,
REAL,
REAX,
REBN,
REE,
REFI,
REFR,
REG,
REGN,
REI,
RELI,
RELL,
RELX,
RELY,
RENN,
RENT,
REPL,
REPX,
RERE,
RES,
RETA,
REUN,
REVG,
REX,
REX-C,
REXR,
REYN,
RF,
RF-B,
RF-C,
RF-E,
RFI,
RFIL,
RGA,
RGC,
RGCO,
RGEN,
RGF,
RGLS,
RGNX,
RGP,
RGR,
RGS,
RH,
RHI,
RHP,
RIBT,
RICK,
RIDE,
RILY,
RIO,
RIOT,
RIT-A,
RIT-B,
RIT-C,
RIT-D,
RJA.U,
RJAC,
RJF,
RJF-B,
RKLB,
RKT,
RL,
RLAY,
RLGT,
RLI,
RLJ,
RLJ-A,
RLMD,
RLX,
RM,
RMAX,
RMBL,
RMBS,
RMCF,
RMD,
RMED,
RMNI,
RMP.P,
RMR,
RMT,
RMTI,
RNG,
RNGR,
RNLX,
RNP,
RNR,
RNR-F,
RNR-G,
RNST,
RNW,
ROAD,
ROG,
ROIC,
ROIV,
ROK,
ROKU,
ROL,
RON.U,
RON.W,
ROOT,
ROS.W,
RPAY,
RPD,
RPHM,
RPM,
RPRX,
RQI,
RRBI,
RRC,
RRR,
RRX,
RS,
RSG,
RSI,
RSKD,
RSLS,
RSSS,
RTC,
RTL,
RTO,
RTX,
RUM,
RUN,
RUTH,
RVLP,
RVLV,
RVMD,
RVNC,
RVP,
RVPH,
RVSB,
RVSN,
RVYL,
RWAY,
RWT,
RWT-A,
RXO,
RXRX,
RXST,
RY,
RYAAY,
RYAM,
RYAN,
RYI,
RYN,
RY-T,
RYTM,
RZLT,
S,
SA,
SABR,
SABS,
SAC-A,
SACH,
SAFE,
SAFT,
SAGE,
SAH,
SAL,
SALM,
SAM,
SAMG,
SAN,
SAND,
SANG,
SANM,
SANW,
SAP,
SAR,
SASI,
SASR,
SAVA,
SAVE,
SB,
SBAC,
SBCF,
SB-D,
SBE.W,
SBET,
SBEV,
SBFG,
SBGI,
SBH,
SBLK,
SBOW,
SBR,
SBS,
SBSI,
SBSW,
SBT,
SBUX,
SCD,
SCE-G,
SCE-H,
SCE-J,
SCE-K,
SCE-L,
SCH-D,
SCH-J,
SCHL,
SCHN,
SCHW,
SCI,
SCKT,
SCL,
SCM,
SCPH,
SCPL,
SCS,
SCSC,
SCTL,
SCU,
SCUA,
SCVL,
SCWO,
SCWX,
SCX,
SCYX,
SD,
SDC,
SE,
SEB,
SECO,
SEDG,
SEE,
SEED,
SEEL,
SEER,
SELB,
SELF,
SEM,
SEMR,
SENEA,
SENEB,
SENS,
SES,
SEV,
SEVN,
SF,
SF-B,
SF-C,
SF-D,
SFE,
SFIX,
SFL,
SFNC,
SFR,
SFST,
SFT,
SG,
SGA,
SGC,
SGH,
SGHC,
SGHT,
SGLY,
SGMA,
SGML,
SGMO,
SGRP,
SGRY,
SGTX,
SGU,
SIBN,
SID,
SIEB,
SIEN,
SIF,
SIFY,
SII,
SIMO,
SINT,
SIRI,
SIT-A,
SITC,
SITE,
SIX,
SKI.W,
SKIL,
SKIN,
SKLZ,
SKM,
SKT,
SKWD,
SKX,
SKY,
SKY.W,
SKYT,
SKYW,
SKYX,
SLAB,
SLB,
SLCA,
SLDB,
SLF,
SLG,
SLGC,
SLGG,
SLG-I,
SLGL,
SLGN,
SLM,
SLN,
SLN.W,
SLNG,
SLNH,
SLNO,
SLP,
SLQT,
SLRC,
SLRN,
SLRX,
SLS,
SLY,
SM,
SMAR,
SMCI,
SMFG,
SMFL,
SMG,
SMLP,
SMLR,
SMMF,
SMMT,
SMP,
SMPL,
SMR,
SMR.W,
SMRT,
SMSI,
SMTC,
SMTI,
SMWB,
SNBR,
SNCE,
SNCR,
SNCY,
SND,
SNDA,
SNDL,
SNDR,
SNDX,
SNES,
SNEX,
SNGX,
SNN,
SNOA,
SNOW,
SNPO,
SNPS,
SNPX,
SNRHW,
SNSE,
SNT,
SNTI,
SNV,
SNV-D,
SNV-E,
SNX,
SNY,
SO,
SOBR,
SOFI,
SOFO,
SOHO,
SOHU,
SOI,
SOL,
SOLO,
SON,
SONM,
SONN,
SONO,
SONX,
SONY,
SOR,
SOS,
SOTK,
SOUN,
SP,
SPB,
SPE,
SPG,
SPGI,
SPG-J,
SPH,
SPHR,
SPL-A,
SPLK,
SPN-B,
SPNS,
SPNT,
SPOK,
SPOT,
SPR,
SPRB,
SPRO,
SPRU,
SPRY,
SPWH,
SPWR,
SPXX,
SQ,
SQFT,
SQL,
SQM,
SQNS,
SQSP,
SQZ,
SR,
SR-A,
SRC,
SRC-A,
SRCE,
SRCL,
SRDX,
SRE,
SRG,
SRGA,
SRG-A,
SRI,
SRL,
SRRK,
SRT,
SRTS,
SRV,
SRZN,
SSB,
SSBK,
SSD,
SSIC,
SSKN,
SSL,
SSNC,
SSNT,
SSP,
SSRM,
SSSS,
SST,
SST.W,
SSTI,
SSU,
SSU.W,
SSY,
ST,
STAA,
STAF,
STAG,
STBA,
STC,
STE,
STEL,
STEM,
STEP,
STER,
STEW,
STG,
STGW,
STIM,
STIX,
STLA,
STLD,
STM,
STN,
STNE,
STNG,
STR,
STRC,
STRL,
STRM,
STRO,
STRR,
STRRP,
STRS,
STRT,
STSS,
STT,
STT-D,
STT-G,
STTK,
STVN,
STWD,
STX,
STXS,
STZ,
SU,
SUI,
SUM,
SUN,
SUN.W,
SUNW,
SUP,
SUPN,
SURF,
SURG,
SUZ,
SVC,
SVFD,
SVM,
SWAG,
SWAV,
SWBI,
SWI,
SWIM,
SWK,
SWKH,
SWKS,
SWN,
SWTX,
SWVL,
SWX,
SWZ,
SXI,
SY,
SYBT,
SYBX,
SYF,
SYF-A,
SYK,
SYM,
SYNH,
SYPR,
SYRS,
SYY,
T,
T-A,
TAC,
TACT,
TAIT,
TAK,
TAL,
TALK,
TALO,
TALS,
TAP,
TARO,
TARS,
TASK,
TAST,
TATT,
TAYD,
TBI,
TBIO,
TBLA,
TBLT,
TBNK,
TBPH,
TC,
T-C,
TCBI,
TCBK,
TCBP,
TCBX,
TCFC,
TCI,
TCMD,
TCON,
TCPC,
TCRT,
TCRX,
TCS,
TCX,
TD,
TDC,
TDCX,
TDF,
TDG,
TDOC,
TDS,
TDS-U,
TDS-V,
TDUP,
TDW,
TDW.A,
TDW.B,
TDW.W,
TDY,
TEAM,
TECK,
TEDU,
TEF,
TEI,
TEL,
TELA,
TELL,
TENB,
TENX,
TEO,
TER,
TERN,
TESS,
TEVA,
TEX,
TFC,
TFC-I,
TFC-O,
TFC-R,
TFFP,
TFSL,
TFX,
TG,
TGAN,
TGH,
TGH-A,
TGH-B,
TGI,
TGS,
TGT,
TGTX,
TH,
THC,
THFF,
THG,
THM,
THMO,
THO,
THR,
THRD,
THRM,
THRN,
THRX,
THRY,
THS,
THTX,
TIL,
TILE,
TIMB,
TIO,
TISI,
TITN,
TIVC,
TJX,
TK,
TKAT,
TKC,
TKNO,
TKR,
TLF,
TLG.U,
TLIS,
TLK,
TLRY,
TLS,
TLSA,
TM,
TMBR,
TMC,
TMCI,
TMDX,
TME,
TMHC,
TMO,
TMP,
TMPO,
TMQ,
TMST,
TMUS,
TNC,
TNDM,
TNET,
TNGX,
TNK,
TNL,
TNON,
TNP,
TNP-D,
TNP-E,
TNP-F,
TNXP,
TNYA,
TOI,
TOL,
TOMZ,
TOUR,
TOVX,
TOWN,
TPB,
TPC,
TPCS,
TPG,
TPH,
TPIC,
TPL,
TPR,
TPVG,
TPX,
TPZ,
TR,
TRC,
TRC.U,
TRC.W,
TRDA,
TREE,
TREX,
TRGP,
TRHC,
TRI,
TRI.U,
TRIB,
TRIN,
TRIP,
TRKA,
TRMB,
TRMD,
TRMK,
TRMR,
TRN,
TRNO,
TRNR,
TRNS,
TROO,
TROW,
TROX,
TRP,
TRS,
TRST,
TRT,
TRT.U,
TRT-A,
TRT-B,
TRT-C,
TRT-D,
TRT-E,
TRTN,
TRT-P,
TRTX,
TRU,
TRUE,
TRUP,
TRV,
TRVG,
TRVI,
TRVN,
TRX,
TS,
TSBK,
TSE,
TSEM,
TSI,
TSM,
TSN,
TSP,
TSQ,
TSRI,
TT,
TTC,
TTCF,
TTD,
TTE,
TTEC,
TTEK,
TTGT,
TTI,
TTMI,
TTNP,
TTOO,
TTP,
TTWO,
TU,
TUP,
TUSK,
TUYA,
TV,
TVC,
TVE,
TW,
TWI,
TWIN,
TWKS,
TWLO,
TWN,
TWNK,
TWO,
TWO-A,
TWO-B,
TWO-C,
TWOU,
TWST,
TX,
TXG,
TXMD,
TXN,
TXO,
TXRH,
TY,
TY.P,
TYG,
TYGO,
TYL,
TZOO,
U,
UA,
UAA,
UAL,
UAMY,
UAN,
UBA,
UBCP,
UBER,
UBFO,
UBP,
UBP-H,
UBS,
UBSI,
UBX,
UCBI,
UCL,
UCTT,
UDMY,
UDR,
UE,
UEC,
UFCS,
UFI,
UFPI,
UG,
UGI,
UGP,
UGRO,
UHA.B,
UHAL,
UHS,
UHT,
UI,
UIHC,
UIS,
UL,
ULBI,
ULCC,
ULH,
ULTA,
UMBF,
UMC,
UMH,
UMH-D,
UNB,
UNCY,
UNF,
UNFI,
UNH,
UNIT,
UNM,
UNP,
UNTY,
UP,
UP.W,
UPH,
UPLD,
UPS,
URBN,
URG,
URGN,
URI,
USA,
USAC,
USAP,
USAS,
USAU,
USB,
USB-A,
USB-H,
USB-P,
USB-Q,
USB-R,
USB-S,
USCB,
USFD,
USGO,
USM,
USPH,
USX,
UTF,
UTG,
UTHR,
UTI,
UTL,
UTMD,
UTRS,
UTSI,
UTZ,
UUU,
UUUU,
UVE,
UVSP,
V,
VAC,
VACC,
VAL,
VAL.W,
VALE,
VALN,
VALU,
VANI,
VAPO,
VATE,
VAXX,
VC,
VCEL,
VCV,
VCX.U,
VCYT,
VECO,
VECT,
VEEE,
VEL,
VEON,
VERB,
VERI,
VERU,
VERV,
VET,
VEV,
VFC,
VFF,
VFL,
VGM,
VGR,
VGZ,
VHA.P,
VHA.U,
VHA.W,
VHC,
VHI,
VIA,
VIAO,
VIAV,
VICI,
VICR,
VIEW,
VINO,
VINP,
VIOT,
VIPS,
VIR,
VIRC,
VIRI,
VIRT,
VIRX,
VITL,
VIV,
VIVK,
VJET,
VKI,
VKQ,
VKTX,
VLD,
VLD.W,
VLGEA,
VLN,
VLN.W,
VLO,
VLRS,
VLT,
VLY,
VMAR,
VMC,
VMD,
VMEO,
VMI,
VMO,
VMW,
VNCE,
VNDA,
VNET,
VNO,
VNO-L,
VNO-M,
VNO-N,
VNO-O,
VNRX,
VNT,
VPG,
VPV,
VS,
VSEC,
VST,
VSTA,
VSTM,
VSTO,
VUZI,
VWE,
VYGR,
VYNE,
VZ,
VZIO,
W,
WAB,
WABC,
WAFD,
WAL,
WAL-A,
WALD,
WAT,
WATT,
WAVD,
WB,
WBA,
WBD,
WBS,
WBS-F,
WBS-G,
WBX,
WBX.W,
WCC,
WCC-A,
WD,
WDAY,
WDC,
WDFC,
WDH,
WDI,
WDS,
WE,
WE.W,
WEA,
WEAV,
WEC,
WEN,
WERN,
WES,
WEST,
WEX,
WF,
WFC,
WFC-A,
WFC-C,
WFC-D,
WFCF,
WFC-L,
WFC-Q,
WFC-R,
WFC-Y,
WFC-Z,
WFG,
WFRD,
WGO,
WGS,
WH,
WHD,
WHF,
WHG,
WHLM,
WHLR,
WHLRL,
WHR,
WIA,
WILC,
WIMI,
WING,
WINT,
WIRE,
WISA,
WIT,
WIW,
WIX,
WK,
WKEY,
WKHS,
WKME,
WKSP,
WLDN,
WLFC,
WLK,
WLKP,
WLMS,
WLY,
WM,
WMB,
WMC,
WMG,
WMK,
WMPN,
WMS,
WMT,
WNC,
WNEB,
WNN.W,
WNS,
WOLF,
WOOF,
WOR,
WOW,
WPC,
WPM,
WPRT,
WRB,
WRB-E,
WRB-F,
WRB-G,
WRB-H,
WRBY,
WRK,
WRLD,
WRN,
WSBC,
WSBF,
WSC,
WSFS,
WSM,
WSO,
WSR,
WST,
WT,
WTBA,
WTER,
WTFC,
WTI,
WTM,
WTRG,
WTS,
WTT,
WTTR,
WTW,
WU,
WULF,
WVE,
WW,
WWD,
WWE,
WWR,
WWW,
WY,
WYNN,
WYY,
X,
XAIR,
XEL,
XELA,
XELB,
XENE,
XERS,
XFL-A,
XFLT,
XFOR,
XGN,
XHR,
XIN,
XLO,
XM,
XMTR,
XNCR,
XNET,
XOM,
XOMA,
XOS,
XP,
XPEL,
XPER,
XPL,
XPO,
XPOF,
XPON,
XPRO,
XRX,
XXII,
XYF,
XYL,
YALA,
YCB-A,
YCBD,
YELL,
YELP,
YETI,
YI,
YJ,
YMAB,
YORW,
YOU,
YPF,
YQ,
YRD,
YTEN,
YUM,
YUMC,
YY,
Z,
ZBH,
ZD,
ZDGE,
ZENV,
ZETA,
ZEUS,
ZEV,
ZEV.W,
ZFOX,
ZG,
ZGN,
ZH,
ZI,
ZIM,
ZIMV,
ZIP,
ZLAB,
ZM,
ZNTL,
ZOM,
ZS,
ZUMZ,
ZUO,
ZVIA,
ZWS,
ZYME,
ZYNE,
